{
    "testCase": [                
        "导师：张三\n2016级博士生：天一、王二、吴五",
        "导师：张三\n2016级博士生：天一、王二、吴五\n2015级硕士生：李四、王五、许六\n2016级硕士生：刘一、李二、李三\n2017级本科生：刘六、琪七、司四\n\n刘六：JAVA、数学建模",
        "导师：vwwe\n2016级博士生：天一、王二、吴五\n\n天一：\n\n\n导师：里斯",
        "导师：vwwe",
        "导师：vwwe\n\n\n导师：里斯",
        "2013级博士生：天一、王二、吴五\n2014级硕士生：李四、王五、许六\n2019级硕士生：刘一、李二、李三",
        "导师：里斯\n2013级博士生：\n2014级硕士生：李四、王五、许六",
        "导师：里斯\n2013级博士生：\n2014级硕士生：李四、王五、许六\n2019级硕士生：刘一、李二、李三\n2000级本科生：刘六、琪七、司四\n2019级博士生：刘人、李我、李哦\n\n刘六：JAVA、数学建模\n\n李二：字节跳动、京东云\n\n王五：字节跳动、京东云\n\n\n导师：张三\n2013级博士生：天一、王二、吴五\n2014级硕士生：李四、王五、许六\n2019级硕士生：刘一、李二、李三\n2000级本科生：刘六、琪七、司四\n2019级博士生：刘人、李我、李哦\n\n刘六：JAVA、数学建模\n\n李二：字节跳动、京东云\n\n王五：字节跳动、京东云",
        "导师：里斯\n2013级博士生：天一、王二、吴五\n2014级硕士生：李四、王五、许六\n2019级硕士生：刘一、李二、李三\n2000级本科生：刘六、琪七、司四\n2019级博士生：刘人、李我、李哦\n\n刘六：JAVA、数学建模\n\n李二：字节跳动、京东云\n\n王五：字节跳动、京东云\n\n导师：里斯\n2013级博士生：天一、王二、吴五\n2014级硕士生：李四、王五、许六\n2019级硕士生：刘一、李二、李三\n2000级本科生：刘六、琪七、司四\n2019级博士生：刘人、李我、李哦",
        "刘六：JAVA、数学建模\n\n李二：字节跳动、京东云"
    ],
    "testCase_Expected": [
        {"name":"师门树","children":[{"name":"张三","children":[{"name":"博士生","children":[{"name":"2016","children":[{"name":"天一","children":[]},{"name":"王二","children":[]},{"name":"吴五","children":[]}]}]}]}]},
        {"name":"师门树","children":[{"name":"张三","children":[{"name":"博士生","children":[{"name":"2016","children":[{"name":"天一","children":[]},{"name":"王二","children":[]},{"name":"吴五","children":[]}]}]},{"name":"硕士生","children":[{"name":"2015","children":[{"name":"李四","children":[]},{"name":"王五","children":[]},{"name":"许六","children":[]}]},{"name":"2016","children":[{"name":"刘一","children":[]},{"name":"李二","children":[]},{"name":"李三","children":[]}]}]},{"name":"本科生","children":[{"name":"2017","children":[{"name":"刘六","children":[{"name":"JAVA"},{"name":"数学建模"}]},{"name":"琪七","children":[]},{"name":"司四","children":[]}]}]}]}]},
        {"name":"师门树","children":[{"name":"vwwe","children":[{"name":"博士生","children":[{"name":"2016","children":[{"name":"天一","children":[{"name":""}]},{"name":"王二","children":[]},{"name":"吴五","children":[]}]}]}]},{"name":"里斯","children":[]}]},
        {"name":"师门树","children":[{"name":"vwwe","children":[]}]},
        {"name":"师门树","children":[{"name":"vwwe","children":[]},{"name":"里斯","children":[]}]},
        {"name":"师门树","children":[{"name":"天一、王二、吴五","children":[{"name":"硕士生","children":[{"name":"2014","children":[{"name":"李四","children":[]},{"name":"王五","children":[]},{"name":"许六","children":[]}]},{"name":"2019","children":[{"name":"刘一","children":[]},{"name":"李二","children":[]},{"name":"李三","children":[]}]}]}]}]},
        {"name":"师门树","children":[{"name":"里斯","children":[{"name":"博士生","children":[{"name":"2013","children":[{"name":"","children":[]}]}]},{"name":"硕士生","children":[{"name":"2014","children":[{"name":"李四","children":[]},{"name":"王五","children":[]},{"name":"许六","children":[]}]}]}]}]},
        {"name":"师门树","children":[{"name":"里斯","children":[{"name":"博士生","children":[{"name":"2013","children":[{"name":"","children":[]}]},{"name":"2019","children":[{"name":"刘人","children":[]},{"name":"李我","children":[]},{"name":"刘六","children":[{"name":"JAVA"},{"name":"数学建模"}]}]}]},{"name":"硕士生","children":[{"name":"2014","children":[{"name":"李四","children":[]},{"name":"王五","children":[{"name":"字节跳动"},{"name":"京东云"}]},{"name":"许六","children":[]}]},{"name":"2019","children":[{"name":"刘一","children":[]},{"name":"李二","children":[{"name":"字节跳动"},{"name":"京东云"}]},{"name":"李三","children":[]}]}]},{"name":"本科生","children":[{"name":"2000","children":[{"name":"刘六","children":[{"name":"JAVA"},{"name":"数学建模"}]},{"name":"琪七","children":[]},{"name":"司四","children":[]}]}]}]},{"name":"张三","children":[{"name":"博士生","children":[{"name":"2013","children":[{"name":"天一","children":[]},{"name":"王二","children":[]},{"name":"吴五","children":[]}]},{"name":"2019","children":[{"name":"刘人","children":[]},{"name":"李我","children":[]},{"name":"李哦","children":[]}]}]},{"name":"硕士生","children":[{"name":"2014","children":[{"name":"李四","children":[]},{"name":"王五","children":[{"name":"字节跳动"},{"name":"京东云"}]},{"name":"许六","children":[]}]},{"name":"2019","children":[{"name":"刘一","children":[]},{"name":"李二","children":[{"name":"字节跳动"},{"name":"京东云"}]},{"name":"李三","children":[]}]}]},{"name":"本科生","children":[{"name":"2000","children":[{"name":"刘六","children":[{"name":"JAVA"},{"name":"数学建模"}]},{"name":"琪七","children":[]},{"name":"司四","children":[]}]}]}]}]},
        {"name":"师门树","children":[{"name":"里斯","children":[{"name":"博士生","children":[{"name":"2013","children":[{"name":"天一","children":[]},{"name":"王二","children":[]},{"name":"吴五","children":[]}]},{"name":"2019","children":[{"name":"刘人","children":[]},{"name":"李我","children":[]},{"name":"李哦","children":[]}]},{"name":"2013","children":[{"name":"天一","children":[]},{"name":"王二","children":[]},{"name":"吴五","children":[]}]},{"name":"2019","children":[{"name":"刘人","children":[]},{"name":"李我","children":[]},{"name":"李哦","children":[]}]}]},{"name":"硕士生","children":[{"name":"2014","children":[{"name":"李四","children":[]},{"name":"王五","children":[{"name":"字节跳动"},{"name":"京东云"}]},{"name":"许六","children":[]}]},{"name":"2019","children":[{"name":"刘一","children":[]},{"name":"李二","children":[{"name":"字节跳动"},{"name":"京东云"}]},{"name":"李三","children":[]}]},{"name":"2014","children":[{"name":"李四","children":[]},{"name":"王五","children":[{"name":"字节跳动"},{"name":"京东云"}]},{"name":"许六","children":[]}]},{"name":"2019","children":[{"name":"刘一","children":[]},{"name":"李二","children":[{"name":"字节跳动"},{"name":"京东云"}]},{"name":"李三","children":[]}]}]},{"name":"本科生","children":[{"name":"2000","children":[{"name":"刘六","children":[{"name":"JAVA"},{"name":"数学建模"}]},{"name":"琪七","children":[]},{"name":"司四","children":[]}]},{"name":"2000","children":[{"name":"刘六","children":[{"name":"JAVA"},{"name":"数学建模"}]},{"name":"琪七","children":[]},{"name":"司四","children":[]}]}]}]}]},
        {"name":"师门树","children":[{"name":"JAVA、数学建模","children":[]}]}
    ]
}